{
    "__type__": "Deck",
    "children": [
        {
            "__type__": "Deck",
            "children": [
                {
                    "__type__": "Deck",
                    "children": [],
                    "crowdanki_uuid": "a52f05a3-7dc2-11ea-9c72-089798643d42",
                    "deck_config_uuid": "a52f0593-7dc2-11ea-b6ee-089798643d42",
                    "desc": "",
                    "dyn": 0,
                    "extendNew": 10,
                    "extendRev": 50,
                    "media_files": [],
                    "name": "mat 1.2",
                    "notes": [
                        {
                            "__type__": "Note",
                            "data": "",
                            "fields": [
                                "r5yr5yr",
                                "rtuyut"
                            ],
                            "flags": 0,
                            "guid": "bUq35;{oMo",
                            "note_model_uuid": "a52f0596-7dc2-11ea-8bc8-089798643d42",
                            "tags": [
                                "Concursos::mat1::mat-1.2"
                            ]
                        }
                    ]
                },
                {
                    "__type__": "Deck",
                    "children": [],
                    "crowdanki_uuid": "a52f05aa-7dc2-11ea-a14f-089798643d42",
                    "deck_config_uuid": "a52f0593-7dc2-11ea-b6ee-089798643d42",
                    "desc": "",
                    "dyn": 0,
                    "extendNew": 10,
                    "extendRev": 50,
                    "media_files": [],
                    "name": "mat 1.1",
                    "notes": [
                        {
                            "__type__": "Note",
                            "data": "",
                            "fields": [
                                "fyuifyui",
                                "sr5y5"
                            ],
                            "flags": 0,
                            "guid": "s1}c^9~#l{",
                            "note_model_uuid": "a52f0596-7dc2-11ea-8bc8-089798643d42",
                            "tags": [
                                "Concursos::mat1::mat-1.1"
                            ]
                        }
                    ]
                }
            ],
            "crowdanki_uuid": "a52f059c-7dc2-11ea-b6e7-089798643d42",
            "deck_config_uuid": "a52f0593-7dc2-11ea-b6ee-089798643d42",
            "desc": "",
            "dyn": 0,
            "extendNew": 10,
            "extendRev": 50,
            "media_files": [],
            "name": "mat1",
            "notes": [
                {
                    "__type__": "Note",
                    "data": "",
                    "fields": [
                        "fyuiy",
                        "yuiyi"
                    ],
                    "flags": 0,
                    "guid": "u-mlFH<Fz0",
                    "note_model_uuid": "a52f0596-7dc2-11ea-8bc8-089798643d42",
                    "tags": [
                        "Concursos::mat1"
                    ]
                }
            ]
        },
        {
            "__type__": "Deck",
            "children": [],
            "crowdanki_uuid": "a52f05b1-7dc2-11ea-b7ea-089798643d42",
            "deck_config_uuid": "a52f0593-7dc2-11ea-b6ee-089798643d42",
            "desc": "",
            "dyn": 0,
            "extendNew": 10,
            "extendRev": 50,
            "media_files": [],
            "mid": "1586459545036",
            "name": "mat 2",
            "notes": [
                {
                    "__type__": "Note",
                    "data": "",
                    "fields": [
                        "yui",
                        "yiyiyui"
                    ],
                    "flags": 0,
                    "guid": "QfUDrDG-&>",
                    "note_model_uuid": "a52f0596-7dc2-11ea-8bc8-089798643d42",
                    "tags": [
                        "Concursos::mat-2"
                    ]
                },
                {
                    "__type__": "Note",
                    "data": "",
                    "fields": [
                        "fyuifyu",
                        "yfuiyui"
                    ],
                    "flags": 0,
                    "guid": "BfOKxJzc{;",
                    "note_model_uuid": "a52f0596-7dc2-11ea-8bc8-089798643d42",
                    "tags": [
                        "Concursos::mat-2"
                    ]
                }
            ]
        },
        {
            "__type__": "Deck",
            "children": [
                {
                    "__type__": "Deck",
                    "children": [],
                    "crowdanki_uuid": "a52f2c95-7dc2-11ea-bac5-089798643d42",
                    "deck_config_uuid": "a52f0593-7dc2-11ea-b6ee-089798643d42",
                    "desc": "",
                    "dyn": 0,
                    "extendNew": 10,
                    "extendRev": 50,
                    "media_files": [],
                    "name": "mat 3.1",
                    "notes": [
                        {
                            "__type__": "Note",
                            "data": "",
                            "fields": [
                                "ghjgjy",
                                "dtyutyu"
                            ],
                            "flags": 0,
                            "guid": "y3s4pXg2QB",
                            "note_model_uuid": "a52f0596-7dc2-11ea-8bc8-089798643d42",
                            "tags": [
                                "Concursos::mat3::mat-3.1"
                            ]
                        }
                    ]
                }
            ],
            "crowdanki_uuid": "a52f2c8e-7dc2-11ea-bb43-089798643d42",
            "deck_config_uuid": "a52f0593-7dc2-11ea-b6ee-089798643d42",
            "desc": "",
            "dyn": 0,
            "extendNew": 10,
            "extendRev": 50,
            "media_files": [],
            "name": "mat3",
            "notes": [
                {
                    "__type__": "Note",
                    "data": "",
                    "fields": [
                        "tyutyutgyu",
                        ""
                    ],
                    "flags": 0,
                    "guid": "z]C-YM[G9f",
                    "note_model_uuid": "a52f0596-7dc2-11ea-8bc8-089798643d42",
                    "tags": [
                        "Concursos::mat3"
                    ]
                }
            ]
        }
    ],
    "crowdanki_uuid": "a52f0592-7dc2-11ea-8fc4-089798643d42",
    "deck_config_uuid": "a52f0593-7dc2-11ea-b6ee-089798643d42",
    "deck_configurations": [
        {
            "__type__": "DeckConfig",
            "autoplay": true,
            "crowdanki_uuid": "a52f0593-7dc2-11ea-b6ee-089798643d42",
            "dyn": false,
            "lapse": {
                "delays": [
                    10
                ],
                "leechAction": 0,
                "leechFails": 8,
                "minInt": 1,
                "mult": 0.0
            },
            "maxTaken": 60,
            "name": "Default",
            "new": {
                "bury": false,
                "delays": [
                    1,
                    10
                ],
                "initialFactor": 2500,
                "ints": [
                    1,
                    4,
                    7
                ],
                "order": 1,
                "perDay": 20,
                "retirementActions": {
                    "delete": false,
                    "move": false,
                    "suspend": true,
                    "tag": true
                },
                "retiringInterval": 0,
                "separate": true
            },
            "replayq": true,
            "rev": {
                "bury": false,
                "ease4": 1.3,
                "fuzz": 0.05,
                "hardFactor": 1.2,
                "ivlFct": 1.0,
                "maxIvl": 36500,
                "minSpace": 1,
                "perDay": 9999
            },
            "timer": 0
        }
    ],
    "desc": "",
    "dyn": 0,
    "extendNew": 10,
    "extendRev": 50,
    "media_files": [],
    "mid": "1586459545032",
    "name": "Concursos",
    "note_models": [
        {
            "__type__": "NoteModel",
            "crowdanki_uuid": "a52f0596-7dc2-11ea-8bc8-089798643d42",
            "css": ".card {\n font-family: arial;\n font-size: 20px;\n text-align: center;\n color: black;\n background-color: white;\n}\n",
            "flds": [
                {
                    "font": "Arial",
                    "media": [],
                    "name": "Front",
                    "ord": 0,
                    "rtl": false,
                    "size": 20,
                    "sticky": false
                },
                {
                    "font": "Arial",
                    "media": [],
                    "name": "Back",
                    "ord": 1,
                    "rtl": false,
                    "size": 20,
                    "sticky": false
                }
            ],
            "latexPost": "\\end{document}",
            "latexPre": "\\documentclass[12pt]{article}\n\\special{papersize=3in,5in}\n\\usepackage[utf8]{inputenc}\n\\usepackage{amssymb,amsmath}\n\\pagestyle{empty}\n\\setlength{\\parindent}{0in}\n\\begin{document}\n",
            "name": "Basic",
            "req": [
                [
                    0,
                    "all",
                    [
                        0
                    ]
                ]
            ],
            "sortf": 0,
            "tags": [],
            "tmpls": [
                {
                    "afmt": "{{FrontSide}}\n\n<hr id=answer>\n\n{{Back}}",
                    "bafmt": "",
                    "bqfmt": "",
                    "did": null,
                    "name": "Card 1",
                    "ord": 0,
                    "qfmt": "{{Front}}"
                }
            ],
            "type": 0,
            "vers": []
        },
        {
            "__type__": "NoteModel",
            "crowdanki_uuid": "a52f0599-7dc2-11ea-bc23-089798643d42",
            "css": ".card {\n font-family: arial;\n font-size: 20px;\n text-align: center;\n color: black;\n background-color: white;\n}\n\n.cloze {\n font-weight: bold;\n color: blue;\n}\n.nightMode .cloze {\n color: lightblue;\n}",
            "flds": [
                {
                    "font": "Arial",
                    "media": [],
                    "name": "Text",
                    "ord": 0,
                    "rtl": false,
                    "size": 20,
                    "sticky": false
                }
            ],
            "latexPost": "\\end{document}",
            "latexPre": "\\documentclass[12pt]{article}\n\\special{papersize=3in,5in}\n\\usepackage[utf8]{inputenc}\n\\usepackage{amssymb,amsmath}\n\\pagestyle{empty}\n\\setlength{\\parindent}{0in}\n\\begin{document}\n",
            "name": "Cloze",
            "req": [
                [
                    0,
                    "any",
                    [
                        0
                    ]
                ]
            ],
            "sortf": 0,
            "tags": [],
            "tmpls": [
                {
                    "afmt": "{{cloze:Text}}",
                    "bafmt": "",
                    "bqfmt": "",
                    "did": null,
                    "name": "Cloze",
                    "ord": 0,
                    "qfmt": "{{cloze:Text}}"
                }
            ],
            "type": 1,
            "vers": []
        }
    ],
    "notes": [
        {
            "__type__": "Note",
            "data": "",
            "fields": [
                "<b><span style=\"font-weight: 400;\">Quantos são os Ministros do STF?</span></b>",
                "<b><span style=\"font-weight: 400;\">Onze</span></b><div><b><span style=\"font-weight: 400;\"><br></span></b></div><div><b><span style=\"font-weight: 400;\">Dica - </span>STF <span style=\"font-weight: 400;\">-&nbsp;&nbsp;</span>S<span style=\"font-weight: 400;\">omos </span>T<span style=\"font-weight: 400;\">odos </span>F<span style=\"font-weight: 400;\">utebol</span></b></div>"
            ],
            "flags": 0,
            "guid": "oR:x_mk03!",
            "note_model_uuid": "a52f0596-7dc2-11ea-8bc8-089798643d42",
            "tags": []
        },
        {
            "__type__": "Note",
            "data": "",
            "fields": [
                "CF/88<div>Art. 1º A República Federativa do Brasil, formada pela união indissolúvel dos {{c1::Estados e Municípios e do Distrito Federal}}, constitui-se em Estado Democrático de Direito e tem como fundamentos: [...]</div>"
            ],
            "flags": 0,
            "guid": "MUaI@OnXS*",
            "note_model_uuid": "a52f0599-7dc2-11ea-bc23-089798643d42",
            "tags": []
        }
    ]
}